"features","Fold","f"
"DAS28.CRP.HM",1,"Lasso"
"TJC",1,"Lasso"
"CRP",1,"Lasso"
"P00558_NNQITNNQR_cit_IK_",1,"Lasso"
"P00558_YAEAVTR_cit_AK_",1,"Lasso"
"P00738_VGYVSGWGR_cit_NANFK_",1,"Lasso"
"P01009_FLENEDR_cit_R_",1,"Lasso"
"P01024_QLANGVDR_cit_YISK_",1,"Lasso"
"P01876_WLQGSQELPR_cit_EK_",1,"Lasso"
"P02545_NIYSEELR_cit_ETK_",1,"Lasso"
"P02671_NVR_cit_AQLVDMK_",1,"Lasso"
"P02675_ECEEIIR_cit_K_",1,"Lasso"
"P02790_WDR_cit_ELISER_",1,"Lasso"
"P02647_ETEGLR_cit_QEMSK_",1,"Lasso"
"P05062_AHR_cit_FPALTQEQK_",1,"Lasso"
"P05091_SR_cit_VVGNPFDSK_",1,"Lasso"
"P00734_GR_cit_VTGWGNLK_",1,"Lasso"
"P05783_TTTR_cit_R_cit_IVDGK_",1,"Lasso"
"P48735_ATDFVADR_cit_AGTFK_",1,"Lasso"
"P00966_QVEIAQR_cit_EGAK_",1,"Lasso"
"P08670_GTNESLER_cit_QMR_",1,"Lasso"
"P21796_SAR_cit_DVFTK_",1,"Lasso"
"P25705_R_cit_LTDADAMK_",1,"Lasso"
"P31930_NR_cit_PGSALEK_",1,"Lasso"
"P38646_LINR_cit_NTTIPTK_",1,"Lasso"
"Q9Y2J8_VVR_cit_DFLK_",1,"Lasso"
"P62937_TAENFR_cit_ALSTGEK_",1,"Lasso"
"P25705_AVDSLVPIGR_cit_GQR_",1,"Lasso"
"Q00325_EDGVR_cit_GLAK_",1,"Lasso"
"Q06323_YFSER_cit_GDAVTK_",1,"Lasso"
"Q99878_TR_cit_SSR_cit_AGLQFPVGR_",1,"Lasso"
"Q9BTM1_SR_cit_SSR_cit_AGLQFPVGR_",1,"Lasso"
"Q9Y2J8_VCFQYLNR_cit_GDR_",1,"Lasso"
"DAS28.CRP.HM",1,"RF"
"SJC",1,"RF"
"CRP",1,"RF"
"TJC",1,"RF"
"P02545_NIYSEELR_cit_ETK_",1,"RF"
"P02647_ETEGLR_cit_QEMSK_",1,"RF"
"P02671_NVR_cit_AQLVDMK_",1,"RF"
"P21796_SAR_cit_DVFTK_",1,"RF"
"P25705_AVDSLVPIGR_cit_GQR_",1,"RF"
"P25705_R_cit_LTDADAMK_",1,"RF"
"Q9BTM1_SR_cit_SSR_cit_AGLQFPVGR_",1,"RF"
"P02787_DSGFQMNQLR_cit_GK_",1,"RF"
"P48735_ATDFVADR_cit_AGTFK_",1,"RF"
"P35749_VGR_cit_DVVQK_",1,"RF"
"P01871_VTER_cit_TVDK_",1,"RF"
"DAS28.CRP.HM",1,"RFERF"
"SJC",1,"RFERF"
"TJC",1,"RFERF"
"CRP",1,"RFERF"
"P48735_ATDFVADR_cit_AGTFK_",1,"RFERF"
"P62805_R_cit_ISGLIYEETR_",1,"RFERF"
"P01871_VTER_cit_TVDK_",1,"RFERF"
"P02647_ETEGLR_cit_QEMSK_",1,"RFERF"
"Q9BTM1_SR_cit_SSR_cit_AGLQFPVGR_",1,"RFERF"
"P21796_SAR_cit_DVFTK_",1,"RFERF"
"Q06323_YFSER_cit_GDAVTK_",1,"RFERF"
"P62937_TAENFR_cit_ALSTGEK_",1,"RFERF"
"P05091_SR_cit_VVGNPFDSK_",1,"RFERF"
"P02671_NVR_cit_AQLVDMK_",1,"RFERF"
"Q9Y2J8_VVR_cit_DFLK_",1,"RFERF"
"P02787_DSGFQMNQLR_cit_GK_",1,"RFERF"
"P25705_R_cit_LTDADAMK_",1,"RFERF"
"P25705_AVDSLVPIGR_cit_GQR_",1,"RFERF"
"P02545_NIYSEELR_cit_ETK_",1,"RFERF"
"P01024_QLANGVDR_cit_YISK_",1,"RFERF"
"P35749_VGR_cit_DVVQK_",1,"RFERF"
"P61981_R_cit_ATVVESSEK_",1,"RFERF"
"P02675_R_cit_EEAPSLR_",1,"RFERF"
"Q99878_TR_cit_SSR_cit_AGLQFPVGR_",1,"RFERF"
"P38646_LINR_cit_NTTIPTK_",1,"RFERF"
"DAS28.CRP.HM",1,"RFESVM"
"SJC",1,"RFESVM"
"TJC",1,"RFESVM"
"CRP",1,"RFESVM"
"P48735_ATDFVADR_cit_AGTFK_",1,"RFESVM"
"P62805_R_cit_ISGLIYEETR_",1,"RFESVM"
"P01871_VTER_cit_TVDK_",1,"RFESVM"
"P02647_ETEGLR_cit_QEMSK_",1,"RFESVM"
"Q9BTM1_SR_cit_SSR_cit_AGLQFPVGR_",1,"RFESVM"
"P21796_SAR_cit_DVFTK_",1,"RFESVM"
"Q06323_YFSER_cit_GDAVTK_",1,"RFESVM"
"P62937_TAENFR_cit_ALSTGEK_",1,"RFESVM"
"P05091_SR_cit_VVGNPFDSK_",1,"RFESVM"
"P02671_NVR_cit_AQLVDMK_",1,"RFESVM"
"Q9Y2J8_VVR_cit_DFLK_",1,"RFESVM"
"P02787_DSGFQMNQLR_cit_GK_",1,"RFESVM"
"P25705_R_cit_LTDADAMK_",1,"RFESVM"
"P25705_AVDSLVPIGR_cit_GQR_",1,"RFESVM"
"P02545_NIYSEELR_cit_ETK_",1,"RFESVM"
"P01024_QLANGVDR_cit_YISK_",1,"RFESVM"
"P35749_VGR_cit_DVVQK_",1,"RFESVM"
"P61981_R_cit_ATVVESSEK_",1,"RFESVM"
"P02675_R_cit_EEAPSLR_",1,"RFESVM"
"Q99878_TR_cit_SSR_cit_AGLQFPVGR_",1,"RFESVM"
"P38646_LINR_cit_NTTIPTK_",1,"RFESVM"
"DAS28.CRP.HM",2,"Lasso"
"TJC",2,"Lasso"
"P00558_NNQITNNQR_cit_IK_",2,"Lasso"
"P00558_YAEAVTR_cit_AK_",2,"Lasso"
"P01009_FLENEDR_cit_R_",2,"Lasso"
"P02545_NIYSEELR_cit_ETK_",2,"Lasso"
"P02671_NVR_cit_AQLVDMK_",2,"Lasso"
"P02675_ECEEIIR_cit_K_",2,"Lasso"
"P02679_R_cit_LDGSVDFK_",2,"Lasso"
"P02787_VPPR_cit_MDAK_",2,"Lasso"
"P02790_WDR_cit_ELISER_",2,"Lasso"
"P02647_ETEGLR_cit_QEMSK_",2,"Lasso"
"P05062_AHR_cit_FPALTQEQK_",2,"Lasso"
"P05091_SR_cit_VVGNPFDSK_",2,"Lasso"
"P05783_TTTR_cit_R_cit_IVDGK_",2,"Lasso"
"P48735_ATDFVADR_cit_AGTFK_",2,"Lasso"
"P00966_QVEIAQR_cit_EGAK_",2,"Lasso"
"P08670_AR_cit_VEVER_",2,"Lasso"
"P08670_GTNESLER_cit_QMR_",2,"Lasso"
"P25705_R_cit_LTDADAMK_",2,"Lasso"
"Q9Y2J8_VVR_cit_DFLK_",2,"Lasso"
"DAS28.CRP.HM",2,"RF"
"CRP",2,"RF"
"TJC",2,"RF"
"SJC",2,"RF"
"P21796_SAR_cit_DVFTK_",2,"RF"
"P02545_NIYSEELR_cit_ETK_",2,"RF"
"P25705_R_cit_LTDADAMK_",2,"RF"
"P02647_ETEGLR_cit_QEMSK_",2,"RF"
"P02675_ECEEIIR_cit_K_",2,"RF"
"Q9BTM1_SR_cit_SSR_cit_AGLQFPVGR_",2,"RF"
"P02671_NVR_cit_AQLVDMK_",2,"RF"
"P61981_R_cit_ATVVESSEK_",2,"RF"
"Q9Y2J8_VVR_cit_DFLK_",2,"RF"
"P25705_AVDSLVPIGR_cit_GQR_",2,"RF"
"P62805_R_cit_ISGLIYEETR_",2,"RF"
"DAS28.CRP.HM",2,"RFERF"
"CRP",2,"RFERF"
"TJC",2,"RFERF"
"SJC",2,"RFERF"
"P01009_FLENEDR_cit_R_",2,"RFERF"
"P25705_R_cit_LTDADAMK_",2,"RFERF"
"P02545_NIYSEELR_cit_ETK_",2,"RFERF"
"Q99878_TR_cit_SSR_cit_AGLQFPVGR_",2,"RFERF"
"P21796_SAR_cit_DVFTK_",2,"RFERF"
"P02671_NVR_cit_AQLVDMK_",2,"RFERF"
"P02790_WDR_cit_ELISER_",2,"RFERF"
"P38646_LINR_cit_NTTIPTK_",2,"RFERF"
"P62937_TAENFR_cit_ALSTGEK_",2,"RFERF"
"P62805_R_cit_ISGLIYEETR_",2,"RFERF"
"P48735_ATDFVADR_cit_AGTFK_",2,"RFERF"
"P01024_QLANGVDR_cit_YISK_",2,"RFERF"
"P00966_QVEIAQR_cit_EGAK_",2,"RFERF"
"Q01995_GPSYGMSR_cit_EVQSK_",2,"RFERF"
"P61981_R_cit_ATVVESSEK_",2,"RFERF"
"Q9Y2J8_VVR_cit_DFLK_",2,"RFERF"
"P00558_NNQITNNQR_cit_IK_",2,"RFERF"
"Q06323_YFSER_cit_GDAVTK_",2,"RFERF"
"P25705_AVDSLVPIGR_cit_GQR_",2,"RFERF"
"P31327_EWPSNLDLR_cit_K_",2,"RFERF"
"P02675_ECEEIIR_cit_K_",2,"RFERF"
"P02647_ETEGLR_cit_QEMSK_",2,"RFERF"
"P05091_SR_cit_VVGNPFDSK_",2,"RFERF"
"Q9Y2J8_VCFQYLNR_cit_GDR_",2,"RFERF"
"Q00325_EDGVR_cit_GLAK_",2,"RFERF"
"P05062_AHR_cit_FPALTQEQK_",2,"RFERF"
"P00558_YAEAVTR_cit_AK_",2,"RFERF"
"DAS28.CRP.HM",2,"RFESVM"
"CRP",2,"RFESVM"
"TJC",2,"RFESVM"
"SJC",2,"RFESVM"
"P01009_FLENEDR_cit_R_",2,"RFESVM"
"P25705_R_cit_LTDADAMK_",2,"RFESVM"
"P02545_NIYSEELR_cit_ETK_",2,"RFESVM"
"Q99878_TR_cit_SSR_cit_AGLQFPVGR_",2,"RFESVM"
"P21796_SAR_cit_DVFTK_",2,"RFESVM"
"P02671_NVR_cit_AQLVDMK_",2,"RFESVM"
"P02790_WDR_cit_ELISER_",2,"RFESVM"
"P38646_LINR_cit_NTTIPTK_",2,"RFESVM"
"P62937_TAENFR_cit_ALSTGEK_",2,"RFESVM"
"P62805_R_cit_ISGLIYEETR_",2,"RFESVM"
"P48735_ATDFVADR_cit_AGTFK_",2,"RFESVM"
"P01024_QLANGVDR_cit_YISK_",2,"RFESVM"
"P00966_QVEIAQR_cit_EGAK_",2,"RFESVM"
"Q01995_GPSYGMSR_cit_EVQSK_",2,"RFESVM"
"P61981_R_cit_ATVVESSEK_",2,"RFESVM"
"Q9Y2J8_VVR_cit_DFLK_",2,"RFESVM"
"P00558_NNQITNNQR_cit_IK_",2,"RFESVM"
"Q06323_YFSER_cit_GDAVTK_",2,"RFESVM"
"P25705_AVDSLVPIGR_cit_GQR_",2,"RFESVM"
"P31327_EWPSNLDLR_cit_K_",2,"RFESVM"
"P02675_ECEEIIR_cit_K_",2,"RFESVM"
"P02647_ETEGLR_cit_QEMSK_",2,"RFESVM"
"P05091_SR_cit_VVGNPFDSK_",2,"RFESVM"
"Q9Y2J8_VCFQYLNR_cit_GDR_",2,"RFESVM"
"Q00325_EDGVR_cit_GLAK_",2,"RFESVM"
"P05062_AHR_cit_FPALTQEQK_",2,"RFESVM"
"P00558_YAEAVTR_cit_AK_",2,"RFESVM"
"DAS28.CRP.HM",3,"Lasso"
"TJC",3,"Lasso"
"SJC",3,"Lasso"
"P00558_NNQITNNQR_cit_IK_",3,"Lasso"
"P00558_YAEAVTR_cit_AK_",3,"Lasso"
"P01009_FLENEDR_cit_R_",3,"Lasso"
"P02545_NIYSEELR_cit_ETK_",3,"Lasso"
"P02671_NVR_cit_AQLVDMK_",3,"Lasso"
"P02675_ECEEIIR_cit_K_",3,"Lasso"
"P02787_VPPR_cit_MDAK_",3,"Lasso"
"P02790_WDR_cit_ELISER_",3,"Lasso"
"P02647_ETEGLR_cit_QEMSK_",3,"Lasso"
"P05062_AHR_cit_FPALTQEQK_",3,"Lasso"
"P05091_SR_cit_VVGNPFDSK_",3,"Lasso"
"P05783_TTTR_cit_R_cit_IVDGK_",3,"Lasso"
"P48735_ATDFVADR_cit_AGTFK_",3,"Lasso"
"P00966_QVEIAQR_cit_EGAK_",3,"Lasso"
"P08670_GTNESLER_cit_QMR_",3,"Lasso"
"P09493_VIESR_cit_AQK_",3,"Lasso"
"P11021_DNR_cit_AVQK_",3,"Lasso"
"P25705_R_cit_LTDADAMK_",3,"Lasso"
"P31930_NR_cit_PGSALEK_",3,"Lasso"
"P38646_LINR_cit_NTTIPTK_",3,"Lasso"
"P62805_R_cit_ISGLIYEETR_",3,"Lasso"
"Q9Y2J8_VVR_cit_DFLK_",3,"Lasso"
"P62937_TAENFR_cit_ALSTGEK_",3,"Lasso"
"Q00325_EDGVR_cit_GLAK_",3,"Lasso"
"Q9BTM1_SR_cit_SSR_cit_AGLQFPVGR_",3,"Lasso"
"Q9Y2J8_VCFQYLNR_cit_GDR_",3,"Lasso"
"DAS28.CRP.HM",3,"RF"
"SJC",3,"RF"
"TJC",3,"RF"
"CRP",3,"RF"
"Q9BTM1_SR_cit_SSR_cit_AGLQFPVGR_",3,"RF"
"P02545_NIYSEELR_cit_ETK_",3,"RF"
"P02675_ECEEIIR_cit_K_",3,"RF"
"P61981_R_cit_ATVVESSEK_",3,"RF"
"P25705_R_cit_LTDADAMK_",3,"RF"
"P21796_SAR_cit_DVFTK_",3,"RF"
"Q99878_TR_cit_SSR_cit_AGLQFPVGR_",3,"RF"
"Q01995_GPSYGMSR_cit_EVQSK_",3,"RF"
"P02790_WDR_cit_ELISER_",3,"RF"
"P00558_YAEAVTR_cit_AK_",3,"RF"
"P02671_NVR_cit_AQLVDMK_",3,"RF"
"DAS28.CRP.HM",3,"RFERF"
"SJC",3,"RFERF"
"TJC",3,"RFERF"
"CRP",3,"RFERF"
"Q99878_TR_cit_SSR_cit_AGLQFPVGR_",3,"RFERF"
"P02545_NIYSEELR_cit_ETK_",3,"RFERF"
"P05783_TTTR_cit_R_cit_IVDGK_",3,"RFERF"
"P01024_QLANGVDR_cit_YISK_",3,"RFERF"
"Q9BTM1_SR_cit_SSR_cit_AGLQFPVGR_",3,"RFERF"
"P48735_ATDFVADR_cit_AGTFK_",3,"RFERF"
"P05091_SR_cit_VVGNPFDSK_",3,"RFERF"
"Q06323_YFSER_cit_GDAVTK_",3,"RFERF"
"P21796_SAR_cit_DVFTK_",3,"RFERF"
"P61981_R_cit_ATVVESSEK_",3,"RFERF"
"P62937_TAENFR_cit_ALSTGEK_",3,"RFERF"
"P38646_LINR_cit_NTTIPTK_",3,"RFERF"
"P25705_R_cit_LTDADAMK_",3,"RFERF"
"Q00325_EDGVR_cit_GLAK_",3,"RFERF"
"Q01995_GPSYGMSR_cit_EVQSK_",3,"RFERF"
"DAS28.CRP.HM",3,"RFESVM"
"SJC",3,"RFESVM"
"TJC",3,"RFESVM"
"CRP",3,"RFESVM"
"Q99878_TR_cit_SSR_cit_AGLQFPVGR_",3,"RFESVM"
"P02545_NIYSEELR_cit_ETK_",3,"RFESVM"
"P05783_TTTR_cit_R_cit_IVDGK_",3,"RFESVM"
"P01024_QLANGVDR_cit_YISK_",3,"RFESVM"
"Q9BTM1_SR_cit_SSR_cit_AGLQFPVGR_",3,"RFESVM"
"P48735_ATDFVADR_cit_AGTFK_",3,"RFESVM"
"P05091_SR_cit_VVGNPFDSK_",3,"RFESVM"
"Q06323_YFSER_cit_GDAVTK_",3,"RFESVM"
"P21796_SAR_cit_DVFTK_",3,"RFESVM"
"P61981_R_cit_ATVVESSEK_",3,"RFESVM"
"P62937_TAENFR_cit_ALSTGEK_",3,"RFESVM"
"P38646_LINR_cit_NTTIPTK_",3,"RFESVM"
"P25705_R_cit_LTDADAMK_",3,"RFESVM"
"Q00325_EDGVR_cit_GLAK_",3,"RFESVM"
"Q01995_GPSYGMSR_cit_EVQSK_",3,"RFESVM"
"DAS28.CRP.HM",4,"Lasso"
"TJC",4,"Lasso"
"CRP",4,"Lasso"
"P00558_NNQITNNQR_cit_IK_",4,"Lasso"
"P00558_YAEAVTR_cit_AK_",4,"Lasso"
"P00738_VGYVSGWGR_cit_NANFK_",4,"Lasso"
"P01009_FLENEDR_cit_R_",4,"Lasso"
"P01024_QLANGVDR_cit_YISK_",4,"Lasso"
"P01871_VTER_cit_TVDK_",4,"Lasso"
"P02545_NIYSEELR_cit_ETK_",4,"Lasso"
"P02671_NVR_cit_AQLVDMK_",4,"Lasso"
"P02675_ECEEIIR_cit_K_",4,"Lasso"
"P02679_R_cit_LDGSVDFK_",4,"Lasso"
"P02790_WDR_cit_ELISER_",4,"Lasso"
"P02647_ETEGLR_cit_QEMSK_",4,"Lasso"
"P05062_AHR_cit_FPALTQEQK_",4,"Lasso"
"P05091_SR_cit_VVGNPFDSK_",4,"Lasso"
"P00734_GR_cit_VTGWGNLK_",4,"Lasso"
"P05783_TTTR_cit_R_cit_IVDGK_",4,"Lasso"
"P48735_ATDFVADR_cit_AGTFK_",4,"Lasso"
"P00966_QVEIAQR_cit_EGAK_",4,"Lasso"
"P08670_AR_cit_VEVER_",4,"Lasso"
"P08670_GTNESLER_cit_QMR_",4,"Lasso"
"P09493_VIESR_cit_AQK_",4,"Lasso"
"P25705_R_cit_LTDADAMK_",4,"Lasso"
"P31930_NR_cit_PGSALEK_",4,"Lasso"
"P38646_LINR_cit_NTTIPTK_",4,"Lasso"
"P61981_R_cit_ATVVESSEK_",4,"Lasso"
"Q9Y2J8_VVR_cit_DFLK_",4,"Lasso"
"P62937_TAENFR_cit_ALSTGEK_",4,"Lasso"
"P25705_AVDSLVPIGR_cit_GQR_",4,"Lasso"
"Q00325_EDGVR_cit_GLAK_",4,"Lasso"
"Q01995_GPSYGMSR_cit_EVQSK_",4,"Lasso"
"Q99878_TR_cit_SSR_cit_AGLQFPVGR_",4,"Lasso"
"Q9BTM1_SR_cit_SSR_cit_AGLQFPVGR_",4,"Lasso"
"Q9Y2J8_VCFQYLNR_cit_GDR_",4,"Lasso"
"DAS28.CRP.HM",4,"RF"
"SJC",4,"RF"
"CRP",4,"RF"
"TJC",4,"RF"
"P61981_R_cit_ATVVESSEK_",4,"RF"
"P25705_AVDSLVPIGR_cit_GQR_",4,"RF"
"Q9Y2J8_VVR_cit_DFLK_",4,"RF"
"P02647_ETEGLR_cit_QEMSK_",4,"RF"
"P25705_R_cit_LTDADAMK_",4,"RF"
"P08670_GTNESLER_cit_QMR_",4,"RF"
"P21796_SAR_cit_DVFTK_",4,"RF"
"Q00325_EDGVR_cit_GLAK_",4,"RF"
"P00558_YAEAVTR_cit_AK_",4,"RF"
"P01876_WLQGSQELPR_cit_EK_",4,"RF"
"Q9BTM1_SR_cit_SSR_cit_AGLQFPVGR_",4,"RF"
"DAS28.CRP.HM",4,"RFERF"
"SJC",4,"RFERF"
"TJC",4,"RFERF"
"P00966_QVEIAQR_cit_EGAK_",4,"RFERF"
"CRP",4,"RFERF"
"P02790_WDR_cit_ELISER_",4,"RFERF"
"P01009_FLENEDR_cit_R_",4,"RFERF"
"Q9Y2J8_VVR_cit_DFLK_",4,"RFERF"
"P21796_SAR_cit_DVFTK_",4,"RFERF"
"P61981_R_cit_ATVVESSEK_",4,"RFERF"
"Q00325_EDGVR_cit_GLAK_",4,"RFERF"
"P25705_AVDSLVPIGR_cit_GQR_",4,"RFERF"
"P48735_ATDFVADR_cit_AGTFK_",4,"RFERF"
"P25705_R_cit_LTDADAMK_",4,"RFERF"
"P02647_ETEGLR_cit_QEMSK_",4,"RFERF"
"P62805_R_cit_ISGLIYEETR_",4,"RFERF"
"P02545_NIYSEELR_cit_ETK_",4,"RFERF"
"Q9BTM1_SR_cit_SSR_cit_AGLQFPVGR_",4,"RFERF"
"P38646_LINR_cit_NTTIPTK_",4,"RFERF"
"P02679_R_cit_LDGSVDFK_",4,"RFERF"
"P31930_NR_cit_PGSALEK_",4,"RFERF"
"P62937_TAENFR_cit_ALSTGEK_",4,"RFERF"
"P00558_NNQITNNQR_cit_IK_",4,"RFERF"
"P00734_GR_cit_VTGWGNLK_",4,"RFERF"
"Q06323_YFSER_cit_GDAVTK_",4,"RFERF"
"P00558_YAEAVTR_cit_AK_",4,"RFERF"
"P02671_NVR_cit_AQLVDMK_",4,"RFERF"
"P35749_VGR_cit_DVVQK_",4,"RFERF"
"P01024_QLANGVDR_cit_YISK_",4,"RFERF"
"Q01995_GPSYGMSR_cit_EVQSK_",4,"RFERF"
"P05062_AHR_cit_FPALTQEQK_",4,"RFERF"
"P02675_R_cit_EEAPSLR_",4,"RFERF"
"P05091_SR_cit_VVGNPFDSK_",4,"RFERF"
"Q9Y2J8_VCFQYLNR_cit_GDR_",4,"RFERF"
"DAS28.CRP.HM",4,"RFESVM"
"SJC",4,"RFESVM"
"TJC",4,"RFESVM"
"P00966_QVEIAQR_cit_EGAK_",4,"RFESVM"
"CRP",4,"RFESVM"
"P02790_WDR_cit_ELISER_",4,"RFESVM"
"P01009_FLENEDR_cit_R_",4,"RFESVM"
"Q9Y2J8_VVR_cit_DFLK_",4,"RFESVM"
"P21796_SAR_cit_DVFTK_",4,"RFESVM"
"P61981_R_cit_ATVVESSEK_",4,"RFESVM"
"Q00325_EDGVR_cit_GLAK_",4,"RFESVM"
"P25705_AVDSLVPIGR_cit_GQR_",4,"RFESVM"
"P48735_ATDFVADR_cit_AGTFK_",4,"RFESVM"
"P25705_R_cit_LTDADAMK_",4,"RFESVM"
"P02647_ETEGLR_cit_QEMSK_",4,"RFESVM"
"P62805_R_cit_ISGLIYEETR_",4,"RFESVM"
"P02545_NIYSEELR_cit_ETK_",4,"RFESVM"
"Q9BTM1_SR_cit_SSR_cit_AGLQFPVGR_",4,"RFESVM"
"P38646_LINR_cit_NTTIPTK_",4,"RFESVM"
"P02679_R_cit_LDGSVDFK_",4,"RFESVM"
"P31930_NR_cit_PGSALEK_",4,"RFESVM"
"P62937_TAENFR_cit_ALSTGEK_",4,"RFESVM"
"P00558_NNQITNNQR_cit_IK_",4,"RFESVM"
"P00734_GR_cit_VTGWGNLK_",4,"RFESVM"
"Q06323_YFSER_cit_GDAVTK_",4,"RFESVM"
"P00558_YAEAVTR_cit_AK_",4,"RFESVM"
"P02671_NVR_cit_AQLVDMK_",4,"RFESVM"
"P35749_VGR_cit_DVVQK_",4,"RFESVM"
"P01024_QLANGVDR_cit_YISK_",4,"RFESVM"
"Q01995_GPSYGMSR_cit_EVQSK_",4,"RFESVM"
"P05062_AHR_cit_FPALTQEQK_",4,"RFESVM"
"P02675_R_cit_EEAPSLR_",4,"RFESVM"
"P05091_SR_cit_VVGNPFDSK_",4,"RFESVM"
"Q9Y2J8_VCFQYLNR_cit_GDR_",4,"RFESVM"
"DAS28.CRP.HM",5,"Lasso"
"P08670_GTNESLER_cit_QMR_",5,"Lasso"
"DAS28.CRP.HM",5,"RF"
"SJC",5,"RF"
"TJC",5,"RF"
"CRP",5,"RF"
"P02545_NIYSEELR_cit_ETK_",5,"RF"
"P21796_SAR_cit_DVFTK_",5,"RF"
"Q9Y2J8_VVR_cit_DFLK_",5,"RF"
"P02790_WDR_cit_ELISER_",5,"RF"
"P25705_R_cit_LTDADAMK_",5,"RF"
"Q00325_EDGVR_cit_GLAK_",5,"RF"
"Q9BTM1_SR_cit_SSR_cit_AGLQFPVGR_",5,"RF"
"P11021_DNR_cit_AVQK_",5,"RF"
"P02647_ETEGLR_cit_QEMSK_",5,"RF"
"P61981_R_cit_ATVVESSEK_",5,"RF"
"P02671_NVR_cit_AQLVDMK_",5,"RF"
"DAS28.CRP.HM",5,"RFERF"
"SJC",5,"RFERF"
"TJC",5,"RFERF"
"CRP",5,"RFERF"
"P01009_FLENEDR_cit_R_",5,"RFERF"
"P02545_NIYSEELR_cit_ETK_",5,"RFERF"
"P21796_SAR_cit_DVFTK_",5,"RFERF"
"P01024_QLANGVDR_cit_YISK_",5,"RFERF"
"P48735_ATDFVADR_cit_AGTFK_",5,"RFERF"
"P02790_WDR_cit_ELISER_",5,"RFERF"
"Q9Y2J8_VVR_cit_DFLK_",5,"RFERF"
"Q00325_EDGVR_cit_GLAK_",5,"RFERF"
"P05783_TTTR_cit_R_cit_IVDGK_",5,"RFERF"
"P08670_GTNESLER_cit_QMR_",5,"RFERF"
"P38646_LINR_cit_NTTIPTK_",5,"RFERF"
"Q99878_TR_cit_SSR_cit_AGLQFPVGR_",5,"RFERF"
"P25705_R_cit_LTDADAMK_",5,"RFERF"
"P62805_R_cit_ISGLIYEETR_",5,"RFERF"
"P02671_NVR_cit_AQLVDMK_",5,"RFERF"
"P05062_AHR_cit_FPALTQEQK_",5,"RFERF"
"Q06323_YFSER_cit_GDAVTK_",5,"RFERF"
"P01871_VTER_cit_TVDK_",5,"RFERF"
"P31327_EWPSNLDLR_cit_K_",5,"RFERF"
"Q01995_GPSYGMSR_cit_EVQSK_",5,"RFERF"
"Q9BTM1_SR_cit_SSR_cit_AGLQFPVGR_",5,"RFERF"
"P00558_NNQITNNQR_cit_IK_",5,"RFERF"
"P62937_TAENFR_cit_ALSTGEK_",5,"RFERF"
"P00558_YAEAVTR_cit_AK_",5,"RFERF"
"DAS28.CRP.HM",5,"RFESVM"
"SJC",5,"RFESVM"
"TJC",5,"RFESVM"
"CRP",5,"RFESVM"
"P01009_FLENEDR_cit_R_",5,"RFESVM"
"P02545_NIYSEELR_cit_ETK_",5,"RFESVM"
"P21796_SAR_cit_DVFTK_",5,"RFESVM"
"P01024_QLANGVDR_cit_YISK_",5,"RFESVM"
"P48735_ATDFVADR_cit_AGTFK_",5,"RFESVM"
"P02790_WDR_cit_ELISER_",5,"RFESVM"
"Q9Y2J8_VVR_cit_DFLK_",5,"RFESVM"
"Q00325_EDGVR_cit_GLAK_",5,"RFESVM"
"P05783_TTTR_cit_R_cit_IVDGK_",5,"RFESVM"
"P08670_GTNESLER_cit_QMR_",5,"RFESVM"
"P38646_LINR_cit_NTTIPTK_",5,"RFESVM"
"Q99878_TR_cit_SSR_cit_AGLQFPVGR_",5,"RFESVM"
"P25705_R_cit_LTDADAMK_",5,"RFESVM"
"P62805_R_cit_ISGLIYEETR_",5,"RFESVM"
"P02671_NVR_cit_AQLVDMK_",5,"RFESVM"
"P05062_AHR_cit_FPALTQEQK_",5,"RFESVM"
"Q06323_YFSER_cit_GDAVTK_",5,"RFESVM"
"P01871_VTER_cit_TVDK_",5,"RFESVM"
"P31327_EWPSNLDLR_cit_K_",5,"RFESVM"
"Q01995_GPSYGMSR_cit_EVQSK_",5,"RFESVM"
"Q9BTM1_SR_cit_SSR_cit_AGLQFPVGR_",5,"RFESVM"
"P00558_NNQITNNQR_cit_IK_",5,"RFESVM"
"P62937_TAENFR_cit_ALSTGEK_",5,"RFESVM"
"P00558_YAEAVTR_cit_AK_",5,"RFESVM"
